email,name,role
head.teacher@schoolgle.co.uk,Head Teacher,admin
deputy.head@schoolgle.co.uk,Deputy Head,slt
english.teacher@schoolgle.co.uk,English Teacher,teacher
maths.teacher@schoolgle.co.uk,Maths Teacher,teacher
science.teacher@schoolgle.co.uk,Science Teacher,teacher

